--------------------------------------------------------
-- Archivo creado  - lunes-abril-06-2026   
--------------------------------------------------------
--------------------------------------------------------
--  DDL for Table AUTOR
--------------------------------------------------------

  CREATE TABLE "MIMIR"."AUTOR" 
   (	"IDAUTOR" NUMBER GENERATED ALWAYS AS IDENTITY MINVALUE 1 MAXVALUE 9999999999999999999999999999 INCREMENT BY 1 START WITH 1 CACHE 20 NOORDER  NOCYCLE  NOKEEP  NOSCALE , 
	"NOMBREAUTOR" VARCHAR2(80 BYTE), 
	"NACIONALIDADAUTOR" NUMBER, 
	"ANIONACIMIENTOAUTOR" NUMBER(4,0), 
	"DESCRIPCIONAUTOR" VARCHAR2(400 BYTE)
   ) SEGMENT CREATION IMMEDIATE 
  PCTFREE 10 PCTUSED 40 INITRANS 1 MAXTRANS 255 
 NOCOMPRESS LOGGING
  STORAGE(INITIAL 65536 NEXT 1048576 MINEXTENTS 1 MAXEXTENTS 2147483645
  PCTINCREASE 0 FREELISTS 1 FREELIST GROUPS 1
  BUFFER_POOL DEFAULT FLASH_CACHE DEFAULT CELL_FLASH_CACHE DEFAULT)
  TABLESPACE "USERS" ;
--------------------------------------------------------
--  DDL for Table EDITORIAL
--------------------------------------------------------

  CREATE TABLE "MIMIR"."EDITORIAL" 
   (	"IDEDITORIAL" NUMBER GENERATED ALWAYS AS IDENTITY MINVALUE 1 MAXVALUE 9999999999999999999999999999 INCREMENT BY 1 START WITH 1 CACHE 20 NOORDER  NOCYCLE  NOKEEP  NOSCALE , 
	"NOMBREEDITORIAL" VARCHAR2(80 BYTE), 
	"ANIOFUNDADOEDITORIAL" NUMBER(4,0), 
	"PAISSEDECENTRALEDITORIAL" NUMBER
   ) SEGMENT CREATION IMMEDIATE 
  PCTFREE 10 PCTUSED 40 INITRANS 1 MAXTRANS 255 
 NOCOMPRESS LOGGING
  STORAGE(INITIAL 65536 NEXT 1048576 MINEXTENTS 1 MAXEXTENTS 2147483645
  PCTINCREASE 0 FREELISTS 1 FREELIST GROUPS 1
  BUFFER_POOL DEFAULT FLASH_CACHE DEFAULT CELL_FLASH_CACHE DEFAULT)
  TABLESPACE "USERS" ;
--------------------------------------------------------
--  DDL for Table LIBRO
--------------------------------------------------------

  CREATE TABLE "MIMIR"."LIBRO" 
   (	"IDLIBRO" NUMBER GENERATED ALWAYS AS IDENTITY MINVALUE 1 MAXVALUE 9999999999999999999999999999 INCREMENT BY 1 START WITH 1 CACHE 20 NOORDER  NOCYCLE  NOKEEP  NOSCALE , 
	"ISBNLIBRO" VARCHAR2(20 BYTE), 
	"NOMBRELIBRO" VARCHAR2(80 BYTE), 
	"ANIOPUBLICACIONLIBRO" NUMBER(4,0), 
	"GENEROLIBRO" VARCHAR2(18 BYTE), 
	"IDIOMALIBRO" VARCHAR2(18 BYTE), 
	"DESCRIPCIONLIBRO" VARCHAR2(400 BYTE), 
	"IDEDITORIALLIBRO" NUMBER
   ) SEGMENT CREATION IMMEDIATE 
  PCTFREE 10 PCTUSED 40 INITRANS 1 MAXTRANS 255 
 NOCOMPRESS LOGGING
  STORAGE(INITIAL 65536 NEXT 1048576 MINEXTENTS 1 MAXEXTENTS 2147483645
  PCTINCREASE 0 FREELISTS 1 FREELIST GROUPS 1
  BUFFER_POOL DEFAULT FLASH_CACHE DEFAULT CELL_FLASH_CACHE DEFAULT)
  TABLESPACE "USERS" ;
--------------------------------------------------------
--  DDL for Table LIBROXAUTOR
--------------------------------------------------------

  CREATE TABLE "MIMIR"."LIBROXAUTOR" 
   (	"IDLIBROXAUTOR" NUMBER GENERATED ALWAYS AS IDENTITY MINVALUE 1 MAXVALUE 9999999999999999999999999999 INCREMENT BY 1 START WITH 1 CACHE 20 NOORDER  NOCYCLE  NOKEEP  NOSCALE , 
	"IDLIBRO" NUMBER, 
	"IDAUTOR" NUMBER
   ) SEGMENT CREATION IMMEDIATE 
  PCTFREE 10 PCTUSED 40 INITRANS 1 MAXTRANS 255 
 NOCOMPRESS LOGGING
  STORAGE(INITIAL 65536 NEXT 1048576 MINEXTENTS 1 MAXEXTENTS 2147483645
  PCTINCREASE 0 FREELISTS 1 FREELIST GROUPS 1
  BUFFER_POOL DEFAULT FLASH_CACHE DEFAULT CELL_FLASH_CACHE DEFAULT)
  TABLESPACE "USERS" ;
--------------------------------------------------------
--  DDL for Table PAIS
--------------------------------------------------------

  CREATE TABLE "MIMIR"."PAIS" 
   (	"IDPAIS" NUMBER GENERATED ALWAYS AS IDENTITY MINVALUE 1 MAXVALUE 9999999999999999999999999999 INCREMENT BY 1 START WITH 1 CACHE 20 NOORDER  NOCYCLE  NOKEEP  NOSCALE , 
	"NOMBREPAIS" VARCHAR2(20 BYTE), 
	"SUFIJOTELEFONICOPAIS" VARCHAR2(4 BYTE), 
	"DESCPAIS" VARCHAR2(300 BYTE)
   ) SEGMENT CREATION IMMEDIATE 
  PCTFREE 10 PCTUSED 40 INITRANS 1 MAXTRANS 255 
 NOCOMPRESS LOGGING
  STORAGE(INITIAL 65536 NEXT 1048576 MINEXTENTS 1 MAXEXTENTS 2147483645
  PCTINCREASE 0 FREELISTS 1 FREELIST GROUPS 1
  BUFFER_POOL DEFAULT FLASH_CACHE DEFAULT CELL_FLASH_CACHE DEFAULT)
  TABLESPACE "USERS" ;
REM INSERTING into MIMIR.AUTOR
SET DEFINE OFF;
Insert into MIMIR.AUTOR (IDAUTOR,NOMBREAUTOR,NACIONALIDADAUTOR,ANIONACIMIENTOAUTOR,DESCRIPCIONAUTOR) values ('1','Gabriel Garcia Marquez','1','1927','Autor colombiano, realismo magico');
Insert into MIMIR.AUTOR (IDAUTOR,NOMBREAUTOR,NACIONALIDADAUTOR,ANIONACIMIENTOAUTOR,DESCRIPCIONAUTOR) values ('2','George Orwell','3','1903','Autor britanico, critica social');
Insert into MIMIR.AUTOR (IDAUTOR,NOMBREAUTOR,NACIONALIDADAUTOR,ANIONACIMIENTOAUTOR,DESCRIPCIONAUTOR) values ('3','Haruki Murakami','4','1949','Autor japones contemporaneo');
Insert into MIMIR.AUTOR (IDAUTOR,NOMBREAUTOR,NACIONALIDADAUTOR,ANIONACIMIENTOAUTOR,DESCRIPCIONAUTOR) values ('4','William Shakespeare','6','1564','Dramaturgo ingles clasico');
Insert into MIMIR.AUTOR (IDAUTOR,NOMBREAUTOR,NACIONALIDADAUTOR,ANIONACIMIENTOAUTOR,DESCRIPCIONAUTOR) values ('5','Jane Austen','6','1775','Novelista inglesa romantica');
Insert into MIMIR.AUTOR (IDAUTOR,NOMBREAUTOR,NACIONALIDADAUTOR,ANIONACIMIENTOAUTOR,DESCRIPCIONAUTOR) values ('6','Charles Dickens','6','1812','Autor ingles de novelas sociales');
Insert into MIMIR.AUTOR (IDAUTOR,NOMBREAUTOR,NACIONALIDADAUTOR,ANIONACIMIENTOAUTOR,DESCRIPCIONAUTOR) values ('7','Mary Shelley','6','1797','Autora inglesa, pionera de la ciencia ficcion');
Insert into MIMIR.AUTOR (IDAUTOR,NOMBREAUTOR,NACIONALIDADAUTOR,ANIONACIMIENTOAUTOR,DESCRIPCIONAUTOR) values ('8','Oscar Wilde','7','1854','Escritor irlandes, esteticismo');
Insert into MIMIR.AUTOR (IDAUTOR,NOMBREAUTOR,NACIONALIDADAUTOR,ANIONACIMIENTOAUTOR,DESCRIPCIONAUTOR) values ('41','Bruno Redondo','5','1981','Ilustrador y dibujante de cómics español, conocido por su estilo detallado, expresivo y dinámico, que combina una técnica tradicional con influencias contemporáneas del cómic estadounidense y europeo.');
Insert into MIMIR.AUTOR (IDAUTOR,NOMBREAUTOR,NACIONALIDADAUTOR,ANIONACIMIENTOAUTOR,DESCRIPCIONAUTOR) values ('21','Tom Taylor','21','1978','Guionista australiano de cómics, dramaturgo y guionista de televisión.');
REM INSERTING into MIMIR.EDITORIAL
SET DEFINE OFF;
Insert into MIMIR.EDITORIAL (IDEDITORIAL,NOMBREEDITORIAL,ANIOFUNDADOEDITORIAL,PAISSEDECENTRALEDITORIAL) values ('1','Penguin Random House','1927','2');
Insert into MIMIR.EDITORIAL (IDEDITORIAL,NOMBREEDITORIAL,ANIOFUNDADOEDITORIAL,PAISSEDECENTRALEDITORIAL) values ('2','Planeta','1949','5');
Insert into MIMIR.EDITORIAL (IDEDITORIAL,NOMBREEDITORIAL,ANIOFUNDADOEDITORIAL,PAISSEDECENTRALEDITORIAL) values ('3','Norma Editorial','1960','1');
Insert into MIMIR.EDITORIAL (IDEDITORIAL,NOMBREEDITORIAL,ANIOFUNDADOEDITORIAL,PAISSEDECENTRALEDITORIAL) values ('4','HarperCollins','1989','3');
Insert into MIMIR.EDITORIAL (IDEDITORIAL,NOMBREEDITORIAL,ANIOFUNDADOEDITORIAL,PAISSEDECENTRALEDITORIAL) values ('5','Oxford Press','1586','6');
Insert into MIMIR.EDITORIAL (IDEDITORIAL,NOMBREEDITORIAL,ANIOFUNDADOEDITORIAL,PAISSEDECENTRALEDITORIAL) values ('6','Vintage Classics','1954','3');
REM INSERTING into MIMIR.LIBRO
SET DEFINE OFF;
Insert into MIMIR.LIBRO (IDLIBRO,ISBNLIBRO,NOMBRELIBRO,ANIOPUBLICACIONLIBRO,GENEROLIBRO,IDIOMALIBRO,DESCRIPCIONLIBRO,IDEDITORIALLIBRO) values ('1','9780140707344','Hamlet','1603','Drama','Ingles','Tragedia del principe Hamlet',null);
Insert into MIMIR.LIBRO (IDLIBRO,ISBNLIBRO,NOMBRELIBRO,ANIOPUBLICACIONLIBRO,GENEROLIBRO,IDIOMALIBRO,DESCRIPCIONLIBRO,IDEDITORIALLIBRO) values ('2','9780141439518','Pride and Prejudice','1813','Romance','Ingles','Historia de Elizabeth Bennet',null);
Insert into MIMIR.LIBRO (IDLIBRO,ISBNLIBRO,NOMBRELIBRO,ANIOPUBLICACIONLIBRO,GENEROLIBRO,IDIOMALIBRO,DESCRIPCIONLIBRO,IDEDITORIALLIBRO) values ('3','9780141439563','Great Expectations','1861','Novela','Ingles','Historia de Pip',null);
Insert into MIMIR.LIBRO (IDLIBRO,ISBNLIBRO,NOMBRELIBRO,ANIOPUBLICACIONLIBRO,GENEROLIBRO,IDIOMALIBRO,DESCRIPCIONLIBRO,IDEDITORIALLIBRO) values ('4','9780486282114','Frankenstein','1818','Ciencia Ficcion','Ingles','Creacion de un monstruo',null);
Insert into MIMIR.LIBRO (IDLIBRO,ISBNLIBRO,NOMBRELIBRO,ANIOPUBLICACIONLIBRO,GENEROLIBRO,IDIOMALIBRO,DESCRIPCIONLIBRO,IDEDITORIALLIBRO) values ('5','9780141439570','The Picture of Dorian Gray','1890','Filosofico','Ingles','Juventud eterna y corrupcion',null);
Insert into MIMIR.LIBRO (IDLIBRO,ISBNLIBRO,NOMBRELIBRO,ANIOPUBLICACIONLIBRO,GENEROLIBRO,IDIOMALIBRO,DESCRIPCIONLIBRO,IDEDITORIALLIBRO) values ('6','9780307474728','Cien Años de Soledad','1967','Novela','Español','Historia de la familia Buendia',null);
Insert into MIMIR.LIBRO (IDLIBRO,ISBNLIBRO,NOMBRELIBRO,ANIOPUBLICACIONLIBRO,GENEROLIBRO,IDIOMALIBRO,DESCRIPCIONLIBRO,IDEDITORIALLIBRO) values ('7','9780451524935','1984','1949','Distopia','Ingles','Sociedad controlada por el estado',null);
Insert into MIMIR.LIBRO (IDLIBRO,ISBNLIBRO,NOMBRELIBRO,ANIOPUBLICACIONLIBRO,GENEROLIBRO,IDIOMALIBRO,DESCRIPCIONLIBRO,IDEDITORIALLIBRO) values ('8','9788498381498','Kafka en la Orilla','2002','Ficcion','Japones','Historia surrealista',null);
REM INSERTING into MIMIR.LIBROXAUTOR
SET DEFINE OFF;
Insert into MIMIR.LIBROXAUTOR (IDLIBROXAUTOR,IDLIBRO,IDAUTOR) values ('1','1','4');
Insert into MIMIR.LIBROXAUTOR (IDLIBROXAUTOR,IDLIBRO,IDAUTOR) values ('2','2','5');
Insert into MIMIR.LIBROXAUTOR (IDLIBROXAUTOR,IDLIBRO,IDAUTOR) values ('3','3','6');
Insert into MIMIR.LIBROXAUTOR (IDLIBROXAUTOR,IDLIBRO,IDAUTOR) values ('4','4','7');
Insert into MIMIR.LIBROXAUTOR (IDLIBROXAUTOR,IDLIBRO,IDAUTOR) values ('5','5','8');
Insert into MIMIR.LIBROXAUTOR (IDLIBROXAUTOR,IDLIBRO,IDAUTOR) values ('6','6','1');
Insert into MIMIR.LIBROXAUTOR (IDLIBROXAUTOR,IDLIBRO,IDAUTOR) values ('7','7','2');
Insert into MIMIR.LIBROXAUTOR (IDLIBROXAUTOR,IDLIBRO,IDAUTOR) values ('8','8','3');
REM INSERTING into MIMIR.PAIS
SET DEFINE OFF;
Insert into MIMIR.PAIS (IDPAIS,NOMBREPAIS,SUFIJOTELEFONICOPAIS,DESCPAIS) values ('1','Colombia','+57','Pais sudamericano');
Insert into MIMIR.PAIS (IDPAIS,NOMBREPAIS,SUFIJOTELEFONICOPAIS,DESCPAIS) values ('2','Reino Unido','+44','Pais europeo');
Insert into MIMIR.PAIS (IDPAIS,NOMBREPAIS,SUFIJOTELEFONICOPAIS,DESCPAIS) values ('3','Estados Unidos','+1','Pais norteamericano');
Insert into MIMIR.PAIS (IDPAIS,NOMBREPAIS,SUFIJOTELEFONICOPAIS,DESCPAIS) values ('4','Japón','+81','Pais asiatico');
Insert into MIMIR.PAIS (IDPAIS,NOMBREPAIS,SUFIJOTELEFONICOPAIS,DESCPAIS) values ('5','España','+34','Pais europeo');
Insert into MIMIR.PAIS (IDPAIS,NOMBREPAIS,SUFIJOTELEFONICOPAIS,DESCPAIS) values ('6','Inglaterra','+44','Pais historico del Reino Unido');
Insert into MIMIR.PAIS (IDPAIS,NOMBREPAIS,SUFIJOTELEFONICOPAIS,DESCPAIS) values ('7','Irlanda','+353','Pais europeo');
Insert into MIMIR.PAIS (IDPAIS,NOMBREPAIS,SUFIJOTELEFONICOPAIS,DESCPAIS) values ('21','Australia','+61',null);
--------------------------------------------------------
--  DDL for Index SYS_C007560
--------------------------------------------------------

  CREATE UNIQUE INDEX "MIMIR"."SYS_C007560" ON "MIMIR"."LIBRO" ("IDLIBRO") 
  PCTFREE 10 INITRANS 2 MAXTRANS 255 COMPUTE STATISTICS 
  STORAGE(INITIAL 65536 NEXT 1048576 MINEXTENTS 1 MAXEXTENTS 2147483645
  PCTINCREASE 0 FREELISTS 1 FREELIST GROUPS 1
  BUFFER_POOL DEFAULT FLASH_CACHE DEFAULT CELL_FLASH_CACHE DEFAULT)
  TABLESPACE "USERS" ;
--------------------------------------------------------
--  DDL for Index SYS_C007561
--------------------------------------------------------

  CREATE UNIQUE INDEX "MIMIR"."SYS_C007561" ON "MIMIR"."LIBRO" ("ISBNLIBRO") 
  PCTFREE 10 INITRANS 2 MAXTRANS 255 COMPUTE STATISTICS 
  STORAGE(INITIAL 65536 NEXT 1048576 MINEXTENTS 1 MAXEXTENTS 2147483645
  PCTINCREASE 0 FREELISTS 1 FREELIST GROUPS 1
  BUFFER_POOL DEFAULT FLASH_CACHE DEFAULT CELL_FLASH_CACHE DEFAULT)
  TABLESPACE "USERS" ;
--------------------------------------------------------
--  DDL for Index SYS_C007564
--------------------------------------------------------

  CREATE UNIQUE INDEX "MIMIR"."SYS_C007564" ON "MIMIR"."EDITORIAL" ("IDEDITORIAL") 
  PCTFREE 10 INITRANS 2 MAXTRANS 255 COMPUTE STATISTICS 
  STORAGE(INITIAL 65536 NEXT 1048576 MINEXTENTS 1 MAXEXTENTS 2147483645
  PCTINCREASE 0 FREELISTS 1 FREELIST GROUPS 1
  BUFFER_POOL DEFAULT FLASH_CACHE DEFAULT CELL_FLASH_CACHE DEFAULT)
  TABLESPACE "USERS" ;
--------------------------------------------------------
--  DDL for Index SYS_C007568
--------------------------------------------------------

  CREATE UNIQUE INDEX "MIMIR"."SYS_C007568" ON "MIMIR"."AUTOR" ("IDAUTOR") 
  PCTFREE 10 INITRANS 2 MAXTRANS 255 COMPUTE STATISTICS 
  STORAGE(INITIAL 65536 NEXT 1048576 MINEXTENTS 1 MAXEXTENTS 2147483645
  PCTINCREASE 0 FREELISTS 1 FREELIST GROUPS 1
  BUFFER_POOL DEFAULT FLASH_CACHE DEFAULT CELL_FLASH_CACHE DEFAULT)
  TABLESPACE "USERS" ;
--------------------------------------------------------
--  DDL for Index SYS_C007576
--------------------------------------------------------

  CREATE UNIQUE INDEX "MIMIR"."SYS_C007576" ON "MIMIR"."LIBROXAUTOR" ("IDLIBROXAUTOR") 
  PCTFREE 10 INITRANS 2 MAXTRANS 255 COMPUTE STATISTICS 
  STORAGE(INITIAL 65536 NEXT 1048576 MINEXTENTS 1 MAXEXTENTS 2147483645
  PCTINCREASE 0 FREELISTS 1 FREELIST GROUPS 1
  BUFFER_POOL DEFAULT FLASH_CACHE DEFAULT CELL_FLASH_CACHE DEFAULT)
  TABLESPACE "USERS" ;
--------------------------------------------------------
--  DDL for Index SYS_C007583
--------------------------------------------------------

  CREATE UNIQUE INDEX "MIMIR"."SYS_C007583" ON "MIMIR"."PAIS" ("IDPAIS") 
  PCTFREE 10 INITRANS 2 MAXTRANS 255 COMPUTE STATISTICS 
  STORAGE(INITIAL 65536 NEXT 1048576 MINEXTENTS 1 MAXEXTENTS 2147483645
  PCTINCREASE 0 FREELISTS 1 FREELIST GROUPS 1
  BUFFER_POOL DEFAULT FLASH_CACHE DEFAULT CELL_FLASH_CACHE DEFAULT)
  TABLESPACE "USERS" ;
--------------------------------------------------------
--  DDL for Index SYS_C007568
--------------------------------------------------------

  CREATE UNIQUE INDEX "MIMIR"."SYS_C007568" ON "MIMIR"."AUTOR" ("IDAUTOR") 
  PCTFREE 10 INITRANS 2 MAXTRANS 255 COMPUTE STATISTICS 
  STORAGE(INITIAL 65536 NEXT 1048576 MINEXTENTS 1 MAXEXTENTS 2147483645
  PCTINCREASE 0 FREELISTS 1 FREELIST GROUPS 1
  BUFFER_POOL DEFAULT FLASH_CACHE DEFAULT CELL_FLASH_CACHE DEFAULT)
  TABLESPACE "USERS" ;
--------------------------------------------------------
--  DDL for Index SYS_C007564
--------------------------------------------------------

  CREATE UNIQUE INDEX "MIMIR"."SYS_C007564" ON "MIMIR"."EDITORIAL" ("IDEDITORIAL") 
  PCTFREE 10 INITRANS 2 MAXTRANS 255 COMPUTE STATISTICS 
  STORAGE(INITIAL 65536 NEXT 1048576 MINEXTENTS 1 MAXEXTENTS 2147483645
  PCTINCREASE 0 FREELISTS 1 FREELIST GROUPS 1
  BUFFER_POOL DEFAULT FLASH_CACHE DEFAULT CELL_FLASH_CACHE DEFAULT)
  TABLESPACE "USERS" ;
--------------------------------------------------------
--  DDL for Index SYS_C007560
--------------------------------------------------------

  CREATE UNIQUE INDEX "MIMIR"."SYS_C007560" ON "MIMIR"."LIBRO" ("IDLIBRO") 
  PCTFREE 10 INITRANS 2 MAXTRANS 255 COMPUTE STATISTICS 
  STORAGE(INITIAL 65536 NEXT 1048576 MINEXTENTS 1 MAXEXTENTS 2147483645
  PCTINCREASE 0 FREELISTS 1 FREELIST GROUPS 1
  BUFFER_POOL DEFAULT FLASH_CACHE DEFAULT CELL_FLASH_CACHE DEFAULT)
  TABLESPACE "USERS" ;
--------------------------------------------------------
--  DDL for Index SYS_C007561
--------------------------------------------------------

  CREATE UNIQUE INDEX "MIMIR"."SYS_C007561" ON "MIMIR"."LIBRO" ("ISBNLIBRO") 
  PCTFREE 10 INITRANS 2 MAXTRANS 255 COMPUTE STATISTICS 
  STORAGE(INITIAL 65536 NEXT 1048576 MINEXTENTS 1 MAXEXTENTS 2147483645
  PCTINCREASE 0 FREELISTS 1 FREELIST GROUPS 1
  BUFFER_POOL DEFAULT FLASH_CACHE DEFAULT CELL_FLASH_CACHE DEFAULT)
  TABLESPACE "USERS" ;
--------------------------------------------------------
--  DDL for Index SYS_C007576
--------------------------------------------------------

  CREATE UNIQUE INDEX "MIMIR"."SYS_C007576" ON "MIMIR"."LIBROXAUTOR" ("IDLIBROXAUTOR") 
  PCTFREE 10 INITRANS 2 MAXTRANS 255 COMPUTE STATISTICS 
  STORAGE(INITIAL 65536 NEXT 1048576 MINEXTENTS 1 MAXEXTENTS 2147483645
  PCTINCREASE 0 FREELISTS 1 FREELIST GROUPS 1
  BUFFER_POOL DEFAULT FLASH_CACHE DEFAULT CELL_FLASH_CACHE DEFAULT)
  TABLESPACE "USERS" ;
--------------------------------------------------------
--  DDL for Index SYS_C007583
--------------------------------------------------------

  CREATE UNIQUE INDEX "MIMIR"."SYS_C007583" ON "MIMIR"."PAIS" ("IDPAIS") 
  PCTFREE 10 INITRANS 2 MAXTRANS 255 COMPUTE STATISTICS 
  STORAGE(INITIAL 65536 NEXT 1048576 MINEXTENTS 1 MAXEXTENTS 2147483645
  PCTINCREASE 0 FREELISTS 1 FREELIST GROUPS 1
  BUFFER_POOL DEFAULT FLASH_CACHE DEFAULT CELL_FLASH_CACHE DEFAULT)
  TABLESPACE "USERS" ;
--------------------------------------------------------
--  Constraints for Table AUTOR
--------------------------------------------------------

  ALTER TABLE "MIMIR"."AUTOR" MODIFY ("IDAUTOR" NOT NULL ENABLE);
  ALTER TABLE "MIMIR"."AUTOR" MODIFY ("NOMBREAUTOR" NOT NULL ENABLE);
  ALTER TABLE "MIMIR"."AUTOR" MODIFY ("NACIONALIDADAUTOR" NOT NULL ENABLE);
  ALTER TABLE "MIMIR"."AUTOR" ADD PRIMARY KEY ("IDAUTOR")
  USING INDEX PCTFREE 10 INITRANS 2 MAXTRANS 255 COMPUTE STATISTICS 
  STORAGE(INITIAL 65536 NEXT 1048576 MINEXTENTS 1 MAXEXTENTS 2147483645
  PCTINCREASE 0 FREELISTS 1 FREELIST GROUPS 1
  BUFFER_POOL DEFAULT FLASH_CACHE DEFAULT CELL_FLASH_CACHE DEFAULT)
  TABLESPACE "USERS"  ENABLE;
--------------------------------------------------------
--  Constraints for Table EDITORIAL
--------------------------------------------------------

  ALTER TABLE "MIMIR"."EDITORIAL" MODIFY ("IDEDITORIAL" NOT NULL ENABLE);
  ALTER TABLE "MIMIR"."EDITORIAL" MODIFY ("NOMBREEDITORIAL" NOT NULL ENABLE);
  ALTER TABLE "MIMIR"."EDITORIAL" ADD PRIMARY KEY ("IDEDITORIAL")
  USING INDEX PCTFREE 10 INITRANS 2 MAXTRANS 255 COMPUTE STATISTICS 
  STORAGE(INITIAL 65536 NEXT 1048576 MINEXTENTS 1 MAXEXTENTS 2147483645
  PCTINCREASE 0 FREELISTS 1 FREELIST GROUPS 1
  BUFFER_POOL DEFAULT FLASH_CACHE DEFAULT CELL_FLASH_CACHE DEFAULT)
  TABLESPACE "USERS"  ENABLE;
  ALTER TABLE "MIMIR"."EDITORIAL" MODIFY ("ANIOFUNDADOEDITORIAL" NOT NULL ENABLE);
--------------------------------------------------------
--  Constraints for Table LIBRO
--------------------------------------------------------

  ALTER TABLE "MIMIR"."LIBRO" MODIFY ("IDLIBRO" NOT NULL ENABLE);
  ALTER TABLE "MIMIR"."LIBRO" ADD PRIMARY KEY ("IDLIBRO")
  USING INDEX PCTFREE 10 INITRANS 2 MAXTRANS 255 COMPUTE STATISTICS 
  STORAGE(INITIAL 65536 NEXT 1048576 MINEXTENTS 1 MAXEXTENTS 2147483645
  PCTINCREASE 0 FREELISTS 1 FREELIST GROUPS 1
  BUFFER_POOL DEFAULT FLASH_CACHE DEFAULT CELL_FLASH_CACHE DEFAULT)
  TABLESPACE "USERS"  ENABLE;
  ALTER TABLE "MIMIR"."LIBRO" ADD UNIQUE ("ISBNLIBRO")
  USING INDEX PCTFREE 10 INITRANS 2 MAXTRANS 255 COMPUTE STATISTICS 
  STORAGE(INITIAL 65536 NEXT 1048576 MINEXTENTS 1 MAXEXTENTS 2147483645
  PCTINCREASE 0 FREELISTS 1 FREELIST GROUPS 1
  BUFFER_POOL DEFAULT FLASH_CACHE DEFAULT CELL_FLASH_CACHE DEFAULT)
  TABLESPACE "USERS"  ENABLE;
  ALTER TABLE "MIMIR"."LIBRO" MODIFY ("NOMBRELIBRO" NOT NULL ENABLE);
  ALTER TABLE "MIMIR"."LIBRO" MODIFY ("IDIOMALIBRO" NOT NULL ENABLE);
  ALTER TABLE "MIMIR"."LIBRO" MODIFY ("ANIOPUBLICACIONLIBRO" NOT NULL ENABLE);
--------------------------------------------------------
--  Constraints for Table LIBROXAUTOR
--------------------------------------------------------

  ALTER TABLE "MIMIR"."LIBROXAUTOR" MODIFY ("IDLIBROXAUTOR" NOT NULL ENABLE);
  ALTER TABLE "MIMIR"."LIBROXAUTOR" MODIFY ("IDLIBRO" NOT NULL ENABLE);
  ALTER TABLE "MIMIR"."LIBROXAUTOR" MODIFY ("IDAUTOR" NOT NULL ENABLE);
  ALTER TABLE "MIMIR"."LIBROXAUTOR" ADD PRIMARY KEY ("IDLIBROXAUTOR")
  USING INDEX PCTFREE 10 INITRANS 2 MAXTRANS 255 COMPUTE STATISTICS 
  STORAGE(INITIAL 65536 NEXT 1048576 MINEXTENTS 1 MAXEXTENTS 2147483645
  PCTINCREASE 0 FREELISTS 1 FREELIST GROUPS 1
  BUFFER_POOL DEFAULT FLASH_CACHE DEFAULT CELL_FLASH_CACHE DEFAULT)
  TABLESPACE "USERS"  ENABLE;
--------------------------------------------------------
--  Constraints for Table PAIS
--------------------------------------------------------

  ALTER TABLE "MIMIR"."PAIS" MODIFY ("IDPAIS" NOT NULL ENABLE);
  ALTER TABLE "MIMIR"."PAIS" MODIFY ("NOMBREPAIS" NOT NULL ENABLE);
  ALTER TABLE "MIMIR"."PAIS" MODIFY ("SUFIJOTELEFONICOPAIS" NOT NULL ENABLE);
  ALTER TABLE "MIMIR"."PAIS" ADD PRIMARY KEY ("IDPAIS")
  USING INDEX PCTFREE 10 INITRANS 2 MAXTRANS 255 COMPUTE STATISTICS 
  STORAGE(INITIAL 65536 NEXT 1048576 MINEXTENTS 1 MAXEXTENTS 2147483645
  PCTINCREASE 0 FREELISTS 1 FREELIST GROUPS 1
  BUFFER_POOL DEFAULT FLASH_CACHE DEFAULT CELL_FLASH_CACHE DEFAULT)
  TABLESPACE "USERS"  ENABLE;
--------------------------------------------------------
--  Ref Constraints for Table AUTOR
--------------------------------------------------------

  ALTER TABLE "MIMIR"."AUTOR" ADD CONSTRAINT "FK_AUTOR_PAIS" FOREIGN KEY ("NACIONALIDADAUTOR")
	  REFERENCES "MIMIR"."PAIS" ("IDPAIS") ENABLE;
--------------------------------------------------------
--  Ref Constraints for Table EDITORIAL
--------------------------------------------------------

  ALTER TABLE "MIMIR"."EDITORIAL" ADD CONSTRAINT "FK_EDITORIAL_PAIS" FOREIGN KEY ("PAISSEDECENTRALEDITORIAL")
	  REFERENCES "MIMIR"."PAIS" ("IDPAIS") ON DELETE CASCADE ENABLE;
--------------------------------------------------------
--  Ref Constraints for Table LIBRO
--------------------------------------------------------

  ALTER TABLE "MIMIR"."LIBRO" ADD CONSTRAINT "FK_LIBRO_EDITORIAL" FOREIGN KEY ("IDEDITORIALLIBRO")
	  REFERENCES "MIMIR"."EDITORIAL" ("IDEDITORIAL") ON DELETE CASCADE ENABLE;
--------------------------------------------------------
--  Ref Constraints for Table LIBROXAUTOR
--------------------------------------------------------

  ALTER TABLE "MIMIR"."LIBROXAUTOR" ADD CONSTRAINT "FK_LIBROXAUTOR_LIBRO" FOREIGN KEY ("IDLIBRO")
	  REFERENCES "MIMIR"."LIBRO" ("IDLIBRO") ENABLE;
  ALTER TABLE "MIMIR"."LIBROXAUTOR" ADD CONSTRAINT "FK_LIBROXAUTOR_AUTOR" FOREIGN KEY ("IDAUTOR")
	  REFERENCES "MIMIR"."AUTOR" ("IDAUTOR") ENABLE;
